{"name":"cat_seg1","bug_tracker":"","status":"annotation","subset":"","labels":[{"name":"cat_ears","color":"#b83df5","attributes":[],"type":"any","sublabels":[]},{"name":"cat_eyes","color":"#3df53d","attributes":[],"type":"any","sublabels":[]},{"name":"cat_muzzle","color":"#ff6037","attributes":[],"type":"any","sublabels":[]},{"name":"cat_body","color":"#2a7dd1","attributes":[],"type":"any","sublabels":[]},{"name":"cat_feets","color":"#fa32b7","attributes":[],"type":"any","sublabels":[]},{"name":"cat_tail","color":"#f59331","attributes":[],"type":"any","sublabels":[]},{"name":"cat_face","color":"#fafa37","attributes":[],"type":"any","sublabels":[]}],"version":"1.0","data":{"chunk_size":72,"image_quality":100,"start_frame":0,"stop_frame":156,"storage_method":"cache","storage":"local","sorting_method":"lexicographical","chunk_type":"imageset","deleted_frames":[1,47,48,50,51,52,53,54,55,113,114,115,116,117,118,119,120,121,122,123,124,125,126,127,128,129,130,131,132,133,134,135,136,137,138,139,140,141,142,143,144,145,146,147,148,149,150,151,152,153,154,155,156]},"jobs":[{"start_frame":0,"stop_frame":156,"frames":[],"status":"annotation","type":"annotation"}]}