{"name":"cat_seg1","bug_tracker":"","status":"annotation","subset":"","labels":[{"name":"cat_ears","color":"#b83df5","attributes":[],"type":"any","sublabels":[]},{"name":"cat_eyes","color":"#3df53d","attributes":[],"type":"any","sublabels":[]},{"name":"cat_muzzle","color":"#ff6037","attributes":[],"type":"any","sublabels":[]},{"name":"cat_body","color":"#2a7dd1","attributes":[],"type":"any","sublabels":[]},{"name":"cat_feets","color":"#fa32b7","attributes":[],"type":"any","sublabels":[]},{"name":"cat_tail","color":"#f59331","attributes":[],"type":"any","sublabels":[]},{"name":"cat_face","color":"#fafa37","attributes":[],"type":"any","sublabels":[]}],"version":"1.0","data":{"chunk_size":72,"image_quality":100,"start_frame":0,"stop_frame":156,"storage_method":"cache","storage":"local","sorting_method":"lexicographical","chunk_type":"imageset","deleted_frames":[1,47,48,50,51,52,53,54,55]},"jobs":[{"start_frame":0,"stop_frame":156,"frames":[],"status":"annotation","type":"annotation"}]}